{
  "train_loss": [
    3.234846200942993, 3.225452604293823, 2.5799860668182375,
    1.9222065782546998, 1.5386412334442139, 1.4246421480178832,
    1.3148737955093384, 1.0392239856719971, 0.8393520331382751,
    0.7282775616645814, 0.6564906907081604, 0.6031676179170609,
    0.5368737685680389, 0.6133530610799789, 0.559043163061142,
    0.4906600326299667, 0.4656081175804138, 0.40769763678312304,
    0.35858686685562136, 0.36188264191150665, 0.35390439569950105,
    0.35990234583616254, 0.33968338757753375, 0.3180220249295235,
    0.29144683182239534, 0.3184933280199766, 0.28772457748651503,
    0.27724159255623815, 0.2684839641116559, 0.28336474948562684,
    0.2877661645412445, 0.2680914275348186, 0.23689285445958375,
    0.24707832497544588
  ],
  "train_acc": [
    0.04, 0.04, 0.2375, 0.355, 0.535, 0.53, 0.585, 0.655, 0.7225, 0.7475,
    0.7675, 0.7825, 0.8125, 0.75, 0.795, 0.84, 0.825, 0.8425, 0.88, 0.855,
    0.865, 0.85, 0.87, 0.87, 0.88, 0.8825, 0.88, 0.895, 0.8975, 0.89, 0.885,
    0.895, 0.905, 0.9125
  ],
  "val_loss": [
    3.1723164717356362, 3.1658615271250405, 2.0647641817728677,
    1.783670981725057, 1.5062260627746582, 1.4407734870910645,
    1.4678654273351033, 1.3822314739227295, 1.1565854946772258,
    1.3170472184816997, 1.1267181634902954, 0.8022610545158386,
    1.3348865509033203, 0.9203457633654276, 0.7678218285242716,
    0.8788769443829855, 0.8078651626904806, 1.098088264465332,
    0.8942996859550476, 0.9827076196670532, 0.8423097729682922,
    0.8059393366177877, 0.9491820931434631, 1.0072637995084126,
    0.9657595554987589, 0.9995132088661194, 1.0045321583747864,
    1.0445570349693298, 1.0299405256907146, 1.1372855106989543,
    1.0423728426297505, 1.1158860127131145, 1.063546637694041,
    1.1730563243230183
  ],
  "val_acc": [
    0.09294871794871795, 0.09294871794871795, 0.32211538461538464,
    0.4038461538461539, 0.5689102564102564, 0.6009615384615384,
    0.5016025641025641, 0.5801282051282052, 0.6426282051282052,
    0.5432692307692307, 0.735576923076923, 0.735576923076923,
    0.5849358974358975, 0.735576923076923, 0.782051282051282,
    0.8076923076923078, 0.8285256410256411, 0.7243589743589745,
    0.7451923076923078, 0.7451923076923078, 0.782051282051282,
    0.7564102564102564, 0.7451923076923078, 0.782051282051282,
    0.7660256410256411, 0.782051282051282, 0.8076923076923078,
    0.7868589743589745, 0.8076923076923078, 0.719551282051282,
    0.7403846153846154, 0.7868589743589745, 0.7868589743589745,
    0.7451923076923078
  ],
  "train_precision": [
    0.0023104693140794225, 0.002397003745318352, 0.21136385479698824,
    0.32932659435507733, 0.5180784576675919, 0.49503527320296825,
    0.5758437844876474, 0.6433528138528137, 0.7106116027934913,
    0.7353958036481757, 0.7792949794271774, 0.7771110216466252,
    0.8517803086146739, 0.7939826595832788, 0.7954856798014692,
    0.8687828367952207, 0.8623894048847609, 0.8816384819380741,
    0.9294979266347687, 0.8922234270052107, 0.9032626532394334,
    0.8913466755123102, 0.9076996904024768, 0.9011816137079295,
    0.911081841432225, 0.9081061258765434, 0.9167255787018205, 0.92390704664086,
    0.9218082006602344, 0.9212763936464126, 0.9027831168831169,
    0.9183241292887391, 0.9244460691699082, 0.9350235770421529
  ],
  "train_recall": [
    0.04, 0.04, 0.21069074647402822, 0.3177687355644012, 0.5124585997078257,
    0.5030069625936499, 0.5566233565196412, 0.6304828649163015,
    0.6983354777317625, 0.7162643752875951, 0.7384559504822661,
    0.7555815831914903, 0.8177403379214525, 0.7605567841171558,
    0.7653162630283373, 0.8456506953658657, 0.8354950678836127,
    0.8485288220551378, 0.8881596392943143, 0.8619385227775321,
    0.8716357314855767, 0.8559452307238685, 0.8792282421740626,
    0.8768696496142317, 0.8857898176814585, 0.8889826527102069,
    0.8876894687699641, 0.9001690746474028, 0.9053911248710012,
    0.8940687257359085, 0.8924041967664259, 0.8977426163447835,
    0.9097442380460956, 0.91928001375989
  ],
  "train_f1": [
    0.004368600682593857, 0.004522968197879859, 0.19090661502006234,
    0.3090755877182582, 0.5000937020881707, 0.48711422048648595,
    0.5576850162346152, 0.6277693797756414, 0.6962188948262005,
    0.7206394845694678, 0.7360614000418125, 0.7565337693176974,
    0.8255875387933516, 0.7702414810474215, 0.7717425745922267,
    0.8517948734822732, 0.8445325156687871, 0.8553318000576894,
    0.8894993216991574, 0.8717461102724582, 0.8797781233561325,
    0.8661907294678357, 0.8854916096228331, 0.8853169257505326,
    0.8946385249193766, 0.8948006793458428, 0.8968134728612963,
    0.9074185483450765, 0.9101999058977089, 0.902313365796727,
    0.895496524446567, 0.9041392870720073, 0.9138493769189673,
    0.9219402976508653
  ],
  "val_precision": [
    0.006568144499178982, 0.006568144499178982, 0.1892773892773893,
    0.3290633608815427, 0.4674242424242424, 0.5095238095238095,
    0.3727272727272727, 0.5613636363636364, 0.6206349206349207,
    0.5125000000000001, 0.6787878787878787, 0.6761904761904761,
    0.49968944099378876, 0.719047619047619, 0.653030303030303, 0.7,
    0.7309523809523809, 0.6409090909090909, 0.669047619047619,
    0.673015873015873, 0.6571428571428571, 0.6825396825396824,
    0.6428571428571429, 0.6523809523809524, 0.6833333333333333,
    0.6523809523809524, 0.6522727272727272, 0.7031746031746031, 0.7,
    0.5878787878787878, 0.6261904761904762, 0.711111111111111,
    0.7031746031746031, 0.6476190476190476
  ],
  "val_recall": [
    0.047619047619047616, 0.047619047619047616, 0.3409090909090909, 0.4,
    0.509090909090909, 0.5785714285714286, 0.4272727272727272,
    0.5712121212121213, 0.665079365079365, 0.4680555555555556,
    0.6803030303030302, 0.6904761904761905, 0.48333333333333334,
    0.6944444444444444, 0.6553030303030303, 0.7261904761904762, 0.75,
    0.6628787878787878, 0.7103174603174602, 0.7103174603174602,
    0.6785714285714286, 0.7222222222222222, 0.6785714285714286,
    0.6785714285714286, 0.7261904761904762, 0.6785714285714286,
    0.6704545454545454, 0.7103174603174602, 0.7261904761904762,
    0.6022727272727273, 0.6547619047619048, 0.7420634920634921,
    0.7103174603174602, 0.6785714285714286
  ],
  "val_f1": [
    0.011544011544011544, 0.011544011544011544, 0.22840909090909092,
    0.32665945165945165, 0.4411255411255411, 0.49705215419501136,
    0.35086580086580077, 0.4949134199134199, 0.6069538926681783,
    0.45783730158730157, 0.6472222222222223, 0.6587301587301587,
    0.45507246376811594, 0.6738095238095237, 0.6494588744588744,
    0.7023809523809523, 0.7301587301587301, 0.6196969696969696,
    0.6662131519274377, 0.665079365079365, 0.6587301587301587,
    0.6859410430839002, 0.6462585034013605, 0.6547619047619047,
    0.6857142857142856, 0.6547619047619047, 0.6515151515151515,
    0.6984126984126984, 0.7023809523809523, 0.5833333333333333,
    0.6264172335600906, 0.7095238095238094, 0.6984126984126984,
    0.6507936507936508
  ],
  "learning_rate": [
    1e-7, 0.00010008000000000002, 0.00020006000000000003,
    0.00030004000000000006, 0.00040002000000000006, 0.0003995327856924675,
    0.00039807351642900154, 0.0003956493016227685, 0.0003922719518046232,
    0.0003879579210833896, 0.00038272822698309664, 0.00037660834804771403,
    0.00036962809971224675, 0.00036182148904493326, 0.00035322654906822675,
    0.0003438851534657336, 0.0003338428125778352, 0.0003231484516798849,
    0.00031185417262318406, 0.000300015, 0.00028768861306928336,
    0.0002749350647491165, 0.0002618164890449332, 0.00024839679833888953,
    0.00023474137201516274, 0.00022091673793816336, 0.00020699024833546723,
    0.0001930297516645328, 0.00017910326206183662, 0.00016527862798483724,
    0.0001516232016611104, 0.00013820351095506674, 0.0001250849352508834,
    0.00011233138693071659
  ]
}
