{"loss": [3.239037055647775, 3.2126539021395564, 3.0700532050614946, 2.966138518258427, 2.7303662192955445, 2.5754395897468823, 2.4388603226522383, 2.2545411586761475, 2.0185308134957647, 1.922380725989181, 1.755522974421469, 1.6514781592936998, 1.7989097820239122, 1.679803674140673, 1.5057521777206593, 1.4246119434913893, 1.346252703934573, 1.277230424157689, 1.2898380274183294, 1.243522212746438, 1.193969739956802, 1.2663194872020336, 1.0851219129026606, 1.0329193988542875, 1.0955578209309096, 1.0620436675093148, 1.0008748649211412, 0.9947197859206897, 0.9366543339879325, 0.9384686143210764, 0.9498130813073576, 0.9790586785654004, 0.9796826303674934, 1.0522557778304882, 1.0200101867150722, 0.9778534739874722, 1.0042082091395774, 1.0037579469466478, 1.0742069549774855, 1.0596314889661382], "accuracy": [0.06741573033707865, 0.07865168539325842, 0.11235955056179775, 0.06741573033707865, 0.15730337078651685, 0.20224719101123595, 0.19101123595505617, 0.2808988764044944, 0.34831460674157305, 0.33707865168539325, 0.47191011235955055, 0.4606741573033708, 0.42696629213483145, 0.47191011235955055, 0.5730337078651684, 0.5393258426966292, 0.5955056179775281, 0.5842696629213483, 0.6067415730337079, 0.6404494382022472, 0.6292134831460674, 0.6179775280898875, 0.651685393258427, 0.7191011235955056, 0.6179775280898875, 0.6629213483146066, 0.6629213483146066, 0.6741573033707865, 0.6629213483146066, 0.651685393258427, 0.6853932584269663, 0.6741573033707865, 0.7078651685393257, 0.6741573033707865, 0.6966292134831461, 0.6853932584269663, 0.7303370786516854, 0.6966292134831461, 0.6741573033707865, 0.6629213483146066]}