{"loss": [3.4990365264121066, 3.3932265270961803, 3.305065005013112, 3.269719038116798, 3.2323033086369546, 3.198140835494138, 3.188580504963907, 3.2031970693823997, 3.1891069948003534, 3.1982296611485856, 3.202233027876093, 3.1893062055780645, 3.1884706529338707, 3.1940897502256242, 3.203323032079118, 3.2087644057327442, 3.2143203997879883, 3.2116970855198548, 3.190303127417404, 3.15187796849883, 3.1242874633060413, 3.1114685937259976, 3.108584945121508, 3.114976740954967, 3.119656814618057, 3.111060032683812, 3.0748297766353305, 3.061709066455284, 3.0671890558821433, 3.078695827655578, 3.0678559367576343, 3.060717389824685, 3.057008831688527, 3.04630891660626, 3.0437727349527766, 3.0512982941745372, 3.0487528490216547, 3.054537084665191, 3.050229999456513, 3.0296227181895397, 3.0063981045497936, 2.983795573202412, 2.9755890315838074, 2.969299064593369, 2.9728930585839777, 2.9706136858865118, 2.961043221227239, 2.957355906454365, 2.964982855186034, 2.965404513176907, 2.9792965074603477, 2.972012246592661, 2.9205633442053633, 2.891942048340701, 2.879488452097003, 2.8845481685038363, 2.890319859043936, 2.9119457609198065, 2.91255473019032, 2.9193712513098555, 2.919231262099877, 2.9263100811604703, 2.930905599272653, 2.91480419073212, 2.8905177062816834, 2.8852594943528764, 2.8812105709247375, 2.885549708698573, 2.880624647890584, 2.858386213859815, 2.825693872537505, 2.815781057550666, 2.8092607755339554, 2.8209761099868946, 2.8420774481269757, 2.8400915151231745, 2.827662896574213, 2.837893277071835, 2.8521603653939924, 2.8438023824370315, 2.8262315412585655, 2.8202152198620056, 2.79132689786761, 2.790330385893918, 2.8060691035195684, 2.786140050780907, 2.744300247578139, 2.7324435791272794, 2.731905315699202, 2.7133941623602027, 2.7141708202576376, 2.7290401646260465, 2.7327607508455776, 2.7327096087209295, 2.7322305239988176, 2.721153741472223, 2.7301123544071504, 2.7356578714392157, 2.7240159216891513, 2.7142687058180908], "accuracy": [0.02247191011235955, 0.011235955056179775, 0.0, 0.0449438202247191, 0.0449438202247191, 0.033707865168539325, 0.02247191011235955, 0.02247191011235955, 0.02247191011235955, 0.033707865168539325, 0.02247191011235955, 0.02247191011235955, 0.056179775280898875, 0.033707865168539325, 0.0449438202247191, 0.0449438202247191, 0.07865168539325842, 0.011235955056179775, 0.0449438202247191, 0.011235955056179775, 0.011235955056179775, 0.06741573033707865, 0.07865168539325842, 0.0449438202247191, 0.0898876404494382, 0.011235955056179775, 0.07865168539325842, 0.11235955056179775, 0.0449438202247191, 0.056179775280898875, 0.11235955056179775, 0.11235955056179775, 0.07865168539325842, 0.07865168539325842, 0.12359550561797752, 0.15730337078651685, 0.11235955056179775, 0.07865168539325842, 0.0898876404494382, 0.0898876404494382, 0.06741573033707865, 0.11235955056179775, 0.1348314606741573, 0.0898876404494382, 0.1797752808988764, 0.11235955056179775, 0.16853932584269662, 0.1348314606741573, 0.0898876404494382, 0.0898876404494382, 0.14606741573033707, 0.07865168539325842, 0.056179775280898875, 0.07865168539325842, 0.11235955056179775, 0.11235955056179775, 0.1348314606741573, 0.1348314606741573, 0.12359550561797752, 0.11235955056179775, 0.12359550561797752, 0.12359550561797752, 0.0898876404494382, 0.14606741573033707, 0.16853932584269662, 0.14606741573033707, 0.0898876404494382, 0.10112359550561797, 0.15730337078651685, 0.19101123595505617, 0.20224719101123595, 0.21348314606741572, 0.16853932584269662, 0.20224719101123595, 0.21348314606741572, 0.21348314606741572, 0.20224719101123595, 0.19101123595505617, 0.16853932584269662, 0.1797752808988764, 0.19101123595505617, 0.19101123595505617, 0.15730337078651685, 0.21348314606741572, 0.20224719101123595, 0.20224719101123595, 0.23595505617977527, 0.21348314606741572, 0.23595505617977527, 0.21348314606741572, 0.2247191011235955, 0.24719101123595505, 0.23595505617977527, 0.23595505617977527, 0.2247191011235955, 0.2584269662921349, 0.23595505617977527, 0.23595505617977527, 0.21348314606741572, 0.20224719101123595]}