{"loss": [3.3565595944722495, 3.3536974589029946, 3.1767311890920005, 3.0848262310028076, 2.4403435389200845, 1.9312883615493774, 2.151712417602539, 1.782604734102885, 1.730941633383433, 1.4603333870569866, 1.6496492624282837, 1.630246678988139, 1.7857378323872883, 1.553719441095988, 1.5309083660443623, 1.2368076244990032, 1.1981747945149739, 1.2032312452793121, 1.02533420920372, 1.4339026113351185, 1.2252220213413239, 1.1394528150558472, 1.213946521282196, 1.2326166729132335, 1.2711479465166728, 1.2486075361569722, 1.2869267761707306, 1.0931699971357982], "accuracy": [0.020833333333333332, 0.020833333333333332, 0.10897435897435898, 0.041666666666666664, 0.2387820512820513, 0.3060897435897436, 0.28044871794871795, 0.4054487179487179, 0.5865384615384616, 0.4983974358974359, 0.4983974358974359, 0.4823717948717949, 0.3894230769230769, 0.4310897435897436, 0.5080128205128206, 0.6378205128205128, 0.6169871794871794, 0.6330128205128206, 0.6842948717948718, 0.5496794871794872, 0.6169871794871794, 0.6586538461538461, 0.6634615384615384, 0.6378205128205128, 0.5705128205128206, 0.6586538461538461, 0.5448717948717948, 0.6538461538461539]}